deut4398.mid	deut4398.mid	6,5514
deut4398.mid	deut4400.mid	0,04099355
deut4398.mid	deut4412.mid	-0,06672953
deut4398.mid	deut4424.mid	-0,08230619
deut4398.mid	deut4429.mid	-0,05909612
deut4398.mid	deut4430.mid	-0,02858759
deut4398.mid	deut4437.mid	0,16341157
deut4398.mid	deut4456.mid	-0,0696437
deut4398.mid	deut4472.mid	0,1160256
deut4398.mid	deut4491.mid	-0,08898261
deut4399.mid	deut4399.mid	6,5514
deut4399.mid	deut4400.mid	-0,02956989
deut4399.mid	deut4417.mid	-0,01865906
deut4399.mid	deut4431.mid	0,01783218
deut4399.mid	deut4440.mid	0,0034037
deut4399.mid	deut4445.mid	-0,02150538
deut4399.mid	deut4463.mid	-0,03030303
deut4399.mid	deut4476.mid	-0,03100775
deut4399.mid	deut4481.mid	-0,01058983
deut4399.mid	deut4483.mid	-0,02134723
deut4400.mid	deut4398.mid	0,04099355
deut4400.mid	deut4400.mid	6,5514
deut4400.mid	deut4403.mid	0,11841437
deut4400.mid	deut4425.mid	-0,01893939
deut4400.mid	deut4431.mid	-0,01690327
deut4400.mid	deut4440.mid	-0,00907768
deut4400.mid	deut4452.mid	-0,01772366
deut4400.mid	deut4454.mid	-0,01276232
deut4400.mid	deut4463.mid	0,04584394
deut4400.mid	deut4476.mid	-0,01162791
deut4401.mid	deut4401.mid	6,5514
deut4401.mid	deut4407.mid	0,15204584
deut4401.mid	deut4416.mid	0,18917049
deut4401.mid	deut4421.mid	0,37448076
deut4401.mid	deut4437.mid	0,57864927
deut4401.mid	deut4439.mid	0,27288076
deut4401.mid	deut4458.mid	0,30846959
deut4401.mid	deut4471.mid	0,29779091
deut4401.mid	deut4477.mid	0,1164057
deut4401.mid	deut4482.mid	-0,01913202
deut4402.mid	deut4400.mid	-0,03510326
deut4402.mid	deut4402.mid	6,5514
deut4402.mid	deut4423.mid	-0,04299027
deut4402.mid	deut4427.mid	-0,03718325
deut4402.mid	deut4445.mid	-0,02905569
deut4402.mid	deut4457.mid	-0,04608054
deut4402.mid	deut4458.mid	-0,0518458
deut4402.mid	deut4459.mid	-0,04470574
deut4402.mid	deut4467.mid	-0,0356939
deut4402.mid	deut4483.mid	-0,05357143
deut4403.mid	deut4400.mid	0,11841437
deut4403.mid	deut4402.mid	-0,09903421
deut4403.mid	deut4403.mid	6,5514
deut4403.mid	deut4418.mid	-0,02061124
deut4403.mid	deut4434.mid	-0,04556623
deut4403.mid	deut4452.mid	-0,10353724
deut4403.mid	deut4457.mid	0,03125239
deut4403.mid	deut4467.mid	-0,10369598
deut4403.mid	deut4495.mid	-0,05395383
deut4403.mid	deut4497.mid	-0,08425603
deut4404.mid	deut4398.mid	0,06468782
deut4404.mid	deut4404.mid	6,5514
deut4404.mid	deut4408.mid	-0,02694597
deut4404.mid	deut4414.mid	0,06183533
deut4404.mid	deut4419.mid	-0,00560421
deut4404.mid	deut4420.mid	-0,00560421
deut4404.mid	deut4433.mid	0,07781667
deut4404.mid	deut4438.mid	0,08961311
deut4404.mid	deut4472.mid	-0,03424877
deut4404.mid	deut4473.mid	0,04002001
deut4405.mid	deut4405.mid	6,5514
deut4405.mid	deut4409.mid	-0,07343951
deut4405.mid	deut4426.mid	-0,0311054
deut4405.mid	deut4444.mid	-0,07343951
deut4405.mid	deut4447.mid	-0,07343951
deut4405.mid	deut4464.mid	-0,07343951
deut4405.mid	deut4472.mid	-0,06162431
deut4405.mid	deut4475.mid	-0,03128536
deut4405.mid	deut4478.mid	0,39734525
deut4405.mid	deut4480.mid	0,11939002
deut4406.mid	deut4401.mid	-0,059269
deut4406.mid	deut4406.mid	6,5514
deut4406.mid	deut4428.mid	-0,08442302
deut4406.mid	deut4443.mid	0,16217074
deut4406.mid	deut4453.mid	0,05796474
deut4406.mid	deut4459.mid	0,12956107
deut4406.mid	deut4471.mid	-0,0372548
deut4406.mid	deut4473.mid	0,08815883
deut4406.mid	deut4477.mid	-0,02491041
deut4406.mid	deut4482.mid	0,03503449
deut4407.mid	deut4401.mid	0,15204584
deut4407.mid	deut4407.mid	6,5514
deut4407.mid	deut4421.mid	0,17368555
deut4407.mid	deut4436.mid	-0,03548834
deut4407.mid	deut4453.mid	-0,02214282
deut4407.mid	deut4454.mid	-0,00047548
deut4407.mid	deut4458.mid	0,11644444
deut4407.mid	deut4459.mid	0,05922187
deut4407.mid	deut4460.mid	0,02308508
deut4407.mid	deut4461.mid	0,04053067
deut4408.mid	deut4399.mid	0,01419551
deut4408.mid	deut4400.mid	-0,01800354
deut4408.mid	deut4408.mid	6,5514
deut4408.mid	deut4414.mid	0,00940242
deut4408.mid	deut4417.mid	-0,00979214
deut4408.mid	deut4419.mid	0,01526078
deut4408.mid	deut4420.mid	0,01526078
deut4408.mid	deut4445.mid	-0,00979214
deut4408.mid	deut4481.mid	-0,02102853
deut4408.mid	deut4483.mid	-0,00979214
deut4409.mid	deut4409.mid	6,5514
deut4409.mid	deut4417.mid	0,14325536
deut4409.mid	deut4424.mid	0,44328788
deut4409.mid	deut4438.mid	0,09354698
deut4409.mid	deut4449.mid	0,04894322
deut4409.mid	deut4450.mid	0,04689072
deut4409.mid	deut4455.mid	-0,04195563
deut4409.mid	deut4456.mid	0,29307436
deut4409.mid	deut4463.mid	0,19741212
deut4409.mid	deut4476.mid	0,04783404
deut4410.mid	deut4399.mid	0,01072808
deut4410.mid	deut4410.mid	6,5514
deut4410.mid	deut4417.mid	-0,01536708
deut4410.mid	deut4440.mid	0,04401867
deut4410.mid	deut4445.mid	-0,01536708
deut4410.mid	deut4446.mid	0,06446458
deut4410.mid	deut4451.mid	-0,0019911
deut4410.mid	deut4466.mid	0,0687651
deut4410.mid	deut4483.mid	-0,01536708
deut4410.mid	deut4486.mid	0,02501373
deut4411.mid	deut4409.mid	0,15386942
deut4411.mid	deut4411.mid	6,5514
deut4411.mid	deut4416.mid	0,18599695
deut4411.mid	deut4422.mid	0,09686984
deut4411.mid	deut4424.mid	0,06684762
deut4411.mid	deut4429.mid	0,19559052
deut4411.mid	deut4437.mid	0,16817237
deut4411.mid	deut4447.mid	0,06447271
deut4411.mid	deut4456.mid	0,12673726
deut4411.mid	deut4464.mid	0,09943567
deut4412.mid	deut4398.mid	-0,06672953
deut4412.mid	deut4404.mid	-0,13206232
deut4412.mid	deut4412.mid	6,5514
deut4412.mid	deut4426.mid	-0,0635276
deut4412.mid	deut4429.mid	0,11368696
deut4412.mid	deut4430.mid	0,08317843
deut4412.mid	deut4437.mid	-0,04130577
deut4412.mid	deut4446.mid	-0,07757458
deut4412.mid	deut4472.mid	-0,0781153
deut4412.mid	deut4491.mid	0,09991221
deut4413.mid	deut4409.mid	-0,04148354
deut4413.mid	deut4413.mid	6,5514
deut4413.mid	deut4416.mid	-0,05366899
deut4413.mid	deut4434.mid	-0,0693352
deut4413.mid	deut4439.mid	-0,01809972
deut4413.mid	deut4464.mid	-0,04804783
deut4413.mid	deut4470.mid	-0,01029056
deut4413.mid	deut4474.mid	-0,04952438
deut4413.mid	deut4475.mid	0,02712258
deut4413.mid	deut4479.mid	-0,08468083
deut4414.mid	deut4414.mid	6,5514
deut4414.mid	deut4419.mid	0,11310633
deut4414.mid	deut4420.mid	0,11310633
deut4414.mid	deut4424.mid	0,14652411
deut4414.mid	deut4438.mid	0,24713014
deut4414.mid	deut4449.mid	0,25773542
deut4414.mid	deut4455.mid	0,13351433
deut4414.mid	deut4456.mid	0,12398194
deut4414.mid	deut4465.mid	0,0832333
deut4414.mid	deut4475.mid	0,07160671
deut4415.mid	deut4414.mid	-0,01808426
deut4415.mid	deut4415.mid	6,5514
deut4415.mid	deut4438.mid	-0,01808426
deut4415.mid	deut4448.mid	-0,01686015
deut4415.mid	deut4449.mid	-0,02075375
deut4415.mid	deut4457.mid	0,05160581
deut4415.mid	deut4465.mid	-0,01808426
deut4415.mid	deut4468.mid	0,19141374
deut4415.mid	deut4469.mid	0,05640951
deut4415.mid	deut4475.mid	-0,01808426
deut4416.mid	deut4401.mid	0,18917049
deut4416.mid	deut4416.mid	6,5514
deut4416.mid	deut4424.mid	0,67808093
deut4416.mid	deut4438.mid	0,15681822
deut4416.mid	deut4439.mid	0,47940861
deut4416.mid	deut4443.mid	0,12565656
deut4416.mid	deut4458.mid	0,15106376
deut4416.mid	deut4477.mid	0,12947686
deut4416.mid	deut4482.mid	0,2516039
deut4416.mid	deut4495.mid	0,29855362
deut4417.mid	deut4417.mid	6,5514
deut4417.mid	deut4424.mid	0,9483562
deut4417.mid	deut4431.mid	0,14847208
deut4417.mid	deut4438.mid	0,167635
deut4417.mid	deut4445.mid	0,05301304
deut4417.mid	deut4452.mid	-0,00462963
deut4417.mid	deut4454.mid	-0,01190476
deut4417.mid	deut4463.mid	0,20348333
deut4417.mid	deut4476.mid	0,07536427
deut4417.mid	deut4483.mid	0,10264856
deut4418.mid	deut4418.mid	6,5514
deut4418.mid	deut4434.mid	-0,05790931
deut4418.mid	deut4445.mid	0,2499848
deut4418.mid	deut4484.mid	0,04591586
deut4418.mid	deut4487.mid	-0,04021722
deut4418.mid	deut4488.mid	-0,03335086
deut4418.mid	deut4493.mid	-0,03335086
deut4418.mid	deut4494.mid	-0,03335086
deut4418.mid	deut4498.mid	-0,03335086
deut4418.mid	deut4499.mid	-0,02562332
deut4419.mid	deut4414.mid	0,11310633
deut4419.mid	deut4419.mid	6,5514
deut4419.mid	deut4420.mid	5,71527146
deut4419.mid	deut4424.mid	0,18382144
deut4419.mid	deut4438.mid	0,19217048
deut4419.mid	deut4449.mid	0,11872222
deut4419.mid	deut4450.mid	0,05896851
deut4419.mid	deut4455.mid	0,12990733
deut4419.mid	deut4456.mid	0,15554122
deut4419.mid	deut4465.mid	0,04912504
deut4420.mid	deut4414.mid	0,11310633
deut4420.mid	deut4419.mid	5,71527146
deut4420.mid	deut4420.mid	6,5514
deut4420.mid	deut4424.mid	0,18382144
deut4420.mid	deut4438.mid	0,19217048
deut4420.mid	deut4449.mid	0,11677595
deut4420.mid	deut4450.mid	0,05800182
deut4420.mid	deut4455.mid	0,12990733
deut4420.mid	deut4456.mid	0,15554122
deut4420.mid	deut4465.mid	0,04831971
deut4421.mid	deut4401.mid	0,37448076
deut4421.mid	deut4407.mid	0,17368555
deut4421.mid	deut4421.mid	6,5514
deut4421.mid	deut4443.mid	1,11306485
deut4421.mid	deut4453.mid	0,37152701
deut4421.mid	deut4458.mid	0,08482661
deut4421.mid	deut4459.mid	-0,07087526
deut4421.mid	deut4471.mid	0,42891515
deut4421.mid	deut4477.mid	0,10953639
deut4421.mid	deut4482.mid	0,06896891
deut4422.mid	deut4409.mid	0,04512549
deut4422.mid	deut4416.mid	0,07462463
deut4422.mid	deut4422.mid	6,5514
deut4422.mid	deut4428.mid	0,04952353
deut4422.mid	deut4437.mid	0,05193565
deut4422.mid	deut4443.mid	0,04024595
deut4422.mid	deut4464.mid	0,08320684
deut4422.mid	deut4465.mid	0,09444823
deut4422.mid	deut4468.mid	0,03536231
deut4422.mid	deut4491.mid	0,03639967
deut4423.mid	deut4423.mid	6,5514
deut4423.mid	deut4427.mid	0,03099906
deut4423.mid	deut4442.mid	-0,02491015
deut4423.mid	deut4443.mid	0,32246613
deut4423.mid	deut4444.mid	0,07179644
deut4423.mid	deut4454.mid	0,1168412
deut4423.mid	deut4463.mid	0,34581434
deut4423.mid	deut4465.mid	0,17697094
deut4423.mid	deut4477.mid	0,34301819
deut4423.mid	deut4482.mid	0,13023829
deut4424.mid	deut4419.mid	0,18382144
deut4424.mid	deut4420.mid	0,18382144
deut4424.mid	deut4424.mid	6,5514
deut4424.mid	deut4438.mid	0,54262026
deut4424.mid	deut4449.mid	0,34938498
deut4424.mid	deut4450.mid	0,49599621
deut4424.mid	deut4456.mid	0,60471515
deut4424.mid	deut4465.mid	0,23976956
deut4424.mid	deut4475.mid	0,21767025
deut4424.mid	deut4495.mid	0,65634137
deut4425.mid	deut4400.mid	-0,01893939
deut4425.mid	deut4417.mid	-0,00757576
deut4425.mid	deut4425.mid	6,5514
deut4425.mid	deut4440.mid	-0,02272727
deut4425.mid	deut4445.mid	-0,00757576
deut4425.mid	deut4452.mid	-0,01388889
deut4425.mid	deut4463.mid	0,02780751
deut4425.mid	deut4472.mid	0,06200016
deut4425.mid	deut4476.mid	-0,00775194
deut4425.mid	deut4483.mid	0,07326206
deut4426.mid	deut4412.mid	-0,0635276
deut4426.mid	deut4423.mid	0,03936786
deut4426.mid	deut4425.mid	0,03538327
deut4426.mid	deut4426.mid	6,5514
deut4426.mid	deut4446.mid	-0,04338699
deut4426.mid	deut4472.mid	0,04961194
deut4426.mid	deut4477.mid	0,03268682
deut4426.mid	deut4482.mid	0,0477631
deut4426.mid	deut4483.mid	0,0091732
deut4426.mid	deut4489.mid	-0,02803384
deut4427.mid	deut4423.mid	0,03099906
deut4427.mid	deut4427.mid	6,5514
deut4427.mid	deut4428.mid	0,44064144
deut4427.mid	deut4431.mid	-0,04763298
deut4427.mid	deut4442.mid	0,19016261
deut4427.mid	deut4444.mid	0,06530869
deut4427.mid	deut4453.mid	0,24405964
deut4427.mid	deut4454.mid	-0,05104928
deut4427.mid	deut4474.mid	0,08242059
deut4427.mid	deut4485.mid	0,0571351
deut4428.mid	deut4416.mid	0,34649239
deut4428.mid	deut4427.mid	0,44064144
deut4428.mid	deut4428.mid	6,5514
deut4428.mid	deut4437.mid	0,67053915
deut4428.mid	deut4439.mid	-0,04458198
deut4428.mid	deut4442.mid	0,05843559
deut4428.mid	deut4443.mid	0,27202789
deut4428.mid	deut4453.mid	0,37632609
deut4428.mid	deut4474.mid	0,26176312
deut4428.mid	deut4477.mid	-0,03126653
deut4429.mid	deut4398.mid	-0,05909612
deut4429.mid	deut4404.mid	-0,0685029
deut4429.mid	deut4412.mid	0,11368696
deut4429.mid	deut4425.mid	0,0300303
deut4429.mid	deut4429.mid	6,5514
deut4429.mid	deut4430.mid	3,55403942
deut4429.mid	deut4437.mid	0,129408
deut4429.mid	deut4446.mid	-0,09819153
deut4429.mid	deut4472.mid	-0,05146899
deut4429.mid	deut4491.mid	0,16635687
deut4430.mid	deut4398.mid	-0,02858759
deut4430.mid	deut4404.mid	-0,03672319
deut4430.mid	deut4412.mid	0,08317843
deut4430.mid	deut4425.mid	0,01958057
deut4430.mid	deut4429.mid	3,55403942
deut4430.mid	deut4430.mid	6,5514
deut4430.mid	deut4437.mid	-0,04384186
deut4430.mid	deut4446.mid	-0,0905644
deut4430.mid	deut4472.mid	-0,02096046
deut4430.mid	deut4491.mid	0,12059409
deut4431.mid	deut4399.mid	0,01783218
deut4431.mid	deut4417.mid	0,14847208
deut4431.mid	deut4431.mid	6,5514
deut4431.mid	deut4440.mid	0,33424879
deut4431.mid	deut4454.mid	0,29653162
deut4431.mid	deut4455.mid	0,0744015
deut4431.mid	deut4456.mid	0,42989181
deut4431.mid	deut4463.mid	0,15621777
deut4431.mid	deut4476.mid	1,12236542
deut4431.mid	deut4483.mid	0,04141149
deut4432.mid	deut4406.mid	0,11051927
deut4432.mid	deut4432.mid	6,5514
deut4432.mid	deut4440.mid	-0,03227942
deut4432.mid	deut4442.mid	0,03629508
deut4432.mid	deut4472.mid	-0,08748663
deut4432.mid	deut4477.mid	0,18319398
deut4432.mid	deut4490.mid	-0,04026688
deut4432.mid	deut4492.mid	-0,04026688
deut4432.mid	deut4496.mid	-0,04026688
deut4432.mid	deut4500.mid	-0,04026688
deut4433.mid	deut4433.mid	6,5514
deut4433.mid	deut4435.mid	-0,05344323
deut4433.mid	deut4465.mid	0,05281752
deut4433.mid	deut4487.mid	-0,05465964
deut4433.mid	deut4488.mid	-0,05107883
deut4433.mid	deut4489.mid	0,04479219
deut4433.mid	deut4493.mid	-0,05107883
deut4433.mid	deut4494.mid	-0,04719711
deut4433.mid	deut4498.mid	-0,05107883
deut4433.mid	deut4499.mid	-0,12574695
deut4434.mid	deut4403.mid	-0,04556623
deut4434.mid	deut4422.mid	-0,08408116
deut4434.mid	deut4434.mid	6,5514
deut4434.mid	deut4448.mid	-0,05338306
deut4434.mid	deut4449.mid	-0,00432747
deut4434.mid	deut4450.mid	-0,05220884
deut4434.mid	deut4462.mid	-0,07147432
deut4434.mid	deut4471.mid	0,00438434
deut4434.mid	deut4475.mid	-0,05220884
deut4434.mid	deut4479.mid	-0,045436
deut4435.mid	deut4433.mid	-0,05344323
deut4435.mid	deut4435.mid	6,5514
deut4435.mid	deut4440.mid	-0,00020649
deut4435.mid	deut4479.mid	-0,02106191
deut4435.mid	deut4486.mid	-0,06244405
deut4435.mid	deut4489.mid	-0,08364679
deut4435.mid	deut4490.mid	-0,04835208
deut4435.mid	deut4492.mid	-0,04483557
deut4435.mid	deut4496.mid	-0,04652748
deut4435.mid	deut4500.mid	-0,07252813
deut4436.mid	deut4407.mid	-0,03548834
deut4436.mid	deut4436.mid	6,5514
deut4436.mid	deut4458.mid	-0,03548834
deut4436.mid	deut4459.mid	-0,03548834
deut4436.mid	deut4460.mid	-0,06184324
deut4436.mid	deut4461.mid	-0,07098765
deut4436.mid	deut4474.mid	0,06352242
deut4436.mid	deut4487.mid	-0,13690648
deut4436.mid	deut4488.mid	-0,13690648
deut4436.mid	deut4493.mid	-0,13690648
deut4437.mid	deut4398.mid	0,16341157
deut4437.mid	deut4401.mid	0,57864927
deut4437.mid	deut4429.mid	0,129408
deut4437.mid	deut4430.mid	-0,04384186
deut4437.mid	deut4437.mid	6,5514
deut4437.mid	deut4439.mid	0,13604062
deut4437.mid	deut4449.mid	0,09688907
deut4437.mid	deut4452.mid	2,32383501
deut4437.mid	deut4472.mid	0,09483913
deut4437.mid	deut4491.mid	-0,07710213
deut4438.mid	deut4414.mid	0,24713014
deut4438.mid	deut4419.mid	0,19217048
deut4438.mid	deut4420.mid	0,19217048
deut4438.mid	deut4424.mid	0,54262026
deut4438.mid	deut4438.mid	6,5514
deut4438.mid	deut4449.mid	0,22288875
deut4438.mid	deut4450.mid	0,22335725
deut4438.mid	deut4455.mid	0,13351433
deut4438.mid	deut4456.mid	0,23531034
deut4438.mid	deut4495.mid	0,41732493
deut4439.mid	deut4401.mid	0,27288076
deut4439.mid	deut4416.mid	0,47940861
deut4439.mid	deut4437.mid	0,13604062
deut4439.mid	deut4439.mid	6,5514
deut4439.mid	deut4443.mid	0,32137372
deut4439.mid	deut4452.mid	0,10151346
deut4439.mid	deut4473.mid	0,131265
deut4439.mid	deut4477.mid	0,09982337
deut4439.mid	deut4479.mid	-0,02392414
deut4439.mid	deut4482.mid	0,32323146
deut4440.mid	deut4414.mid	0,15590741
deut4440.mid	deut4419.mid	0,04897101
deut4440.mid	deut4420.mid	0,04897101
deut4440.mid	deut4425.mid	-0,02272727
deut4440.mid	deut4431.mid	0,33424879
deut4440.mid	deut4440.mid	6,5514
deut4440.mid	deut4452.mid	-0,02314815
deut4440.mid	deut4454.mid	-0,03018246
deut4440.mid	deut4463.mid	-0,01492867
deut4440.mid	deut4476.mid	-0,01550388
deut4441.mid	deut4415.mid	-0,03453741
deut4441.mid	deut4441.mid	6,5514
deut4441.mid	deut4455.mid	0,04714011
deut4441.mid	deut4456.mid	0,47393522
deut4441.mid	deut4460.mid	-0,0514043
deut4441.mid	deut4461.mid	-0,06981982
deut4441.mid	deut4465.mid	0,17250805
deut4441.mid	deut4469.mid	-0,05309973
deut4441.mid	deut4471.mid	-0,05084747
deut4441.mid	deut4480.mid	0,04532
deut4442.mid	deut4406.mid	-0,09178231
deut4442.mid	deut4423.mid	-0,02491015
deut4442.mid	deut4427.mid	0,19016261
deut4442.mid	deut4428.mid	0,05843559
deut4442.mid	deut4442.mid	6,5514
deut4442.mid	deut4443.mid	2,50211773
deut4442.mid	deut4453.mid	0,03922056
deut4442.mid	deut4474.mid	0,09344299
deut4442.mid	deut4485.mid	0,07832158
deut4442.mid	deut4503.mid	0,31294045
deut4443.mid	deut4406.mid	0,16217074
deut4443.mid	deut4421.mid	1,11306485
deut4443.mid	deut4428.mid	0,27202789
deut4443.mid	deut4442.mid	2,50211773
deut4443.mid	deut4443.mid	6,5514
deut4443.mid	deut4465.mid	0,17866522
deut4443.mid	deut4474.mid	0,11115622
deut4443.mid	deut4477.mid	0,27884374
deut4443.mid	deut4482.mid	0,40905105
deut4443.mid	deut4503.mid	0,53387844
deut4444.mid	deut4424.mid	0,16897871
deut4444.mid	deut4438.mid	0,01229392
deut4444.mid	deut4444.mid	6,5514
deut4444.mid	deut4447.mid	0,2671686
deut4444.mid	deut4448.mid	0,05420939
deut4444.mid	deut4454.mid	0,29467567
deut4444.mid	deut4455.mid	-0,04195563
deut4444.mid	deut4456.mid	0,20037592
deut4444.mid	deut4470.mid	-0,01381357
deut4444.mid	deut4485.mid	0,10784188
deut4445.mid	deut4417.mid	0,05301304
deut4445.mid	deut4418.mid	0,2499848
deut4445.mid	deut4424.mid	0,12597971
deut4445.mid	deut4431.mid	-0,01149425
deut4445.mid	deut4445.mid	6,5514
deut4445.mid	deut4452.mid	-0,00462963
deut4445.mid	deut4454.mid	-0,01190476
deut4445.mid	deut4463.mid	0,08192925
deut4445.mid	deut4476.mid	0,05722831
deut4445.mid	deut4483.mid	0,0552258
deut4446.mid	deut4410.mid	0,06446458
deut4446.mid	deut4412.mid	-0,07757458
deut4446.mid	deut4425.mid	-0,04700855
deut4446.mid	deut4426.mid	-0,04338699
deut4446.mid	deut4430.mid	-0,0905644
deut4446.mid	deut4446.mid	6,5514
deut4446.mid	deut4451.mid	-0,00383419
deut4446.mid	deut4466.mid	0,10654573
deut4446.mid	deut4486.mid	-0,02475908
deut4446.mid	deut4491.mid	-0,04726242
deut4447.mid	deut4424.mid	0,10004242
deut4447.mid	deut4438.mid	0,03020204
deut4447.mid	deut4444.mid	0,2671686
deut4447.mid	deut4447.mid	6,5514
deut4447.mid	deut4448.mid	0,07028824
deut4447.mid	deut4455.mid	-0,04195563
deut4447.mid	deut4456.mid	0,12952308
deut4447.mid	deut4465.mid	0,03166777
deut4447.mid	deut4470.mid	-0,01381357
deut4447.mid	deut4485.mid	0,10784188
deut4448.mid	deut4424.mid	-0,0411531
deut4448.mid	deut4438.mid	-0,01891264
deut4448.mid	deut4444.mid	0,05420939
deut4448.mid	deut4447.mid	0,07028824
deut4448.mid	deut4448.mid	6,5514
deut4448.mid	deut4455.mid	0,19421234
deut4448.mid	deut4456.mid	0,12448482
deut4448.mid	deut4470.mid	-0,02525426
deut4448.mid	deut4474.mid	0,06201783
deut4448.mid	deut4485.mid	0,09483913
deut4449.mid	deut4414.mid	0,25773542
deut4449.mid	deut4419.mid	0,11872222
deut4449.mid	deut4420.mid	0,11677595
deut4449.mid	deut4424.mid	0,34938498
deut4449.mid	deut4438.mid	0,22288875
deut4449.mid	deut4449.mid	6,5514
deut4449.mid	deut4455.mid	0,14057649
deut4449.mid	deut4456.mid	0,2480699
deut4449.mid	deut4467.mid	0,17501997
deut4449.mid	deut4495.mid	0,18416091
deut4450.mid	deut4414.mid	0,06621428
deut4450.mid	deut4419.mid	0,05896851
deut4450.mid	deut4424.mid	0,49599621
deut4450.mid	deut4438.mid	0,22335725
deut4450.mid	deut4450.mid	6,5514
deut4450.mid	deut4455.mid	0,15955901
deut4450.mid	deut4456.mid	0,26544938
deut4450.mid	deut4465.mid	0,21760553
deut4450.mid	deut4485.mid	0,13584895
deut4450.mid	deut4495.mid	0,19451964
deut4451.mid	deut4410.mid	-0,0019911
deut4451.mid	deut4417.mid	-0,03333333
deut4451.mid	deut4425.mid	-0,04166667
deut4451.mid	deut4440.mid	-0,02174245
deut4451.mid	deut4445.mid	-0,03333333
deut4451.mid	deut4446.mid	-0,00383419
deut4451.mid	deut4451.mid	6,5514
deut4451.mid	deut4463.mid	-0,03333333
deut4451.mid	deut4476.mid	-0,03333333
deut4451.mid	deut4483.mid	-0,03333333
deut4452.mid	deut4417.mid	-0,00462963
deut4452.mid	deut4425.mid	-0,01388889
deut4452.mid	deut4431.mid	-0,01724138
deut4452.mid	deut4437.mid	2,32383501
deut4452.mid	deut4439.mid	0,10151346
deut4452.mid	deut4445.mid	-0,00462963
deut4452.mid	deut4452.mid	6,5514
deut4452.mid	deut4463.mid	-0,00462963
deut4452.mid	deut4476.mid	-0,00462963
deut4452.mid	deut4483.mid	-0,00462963
deut4453.mid	deut4406.mid	0,05796474
deut4453.mid	deut4407.mid	-0,02214282
deut4453.mid	deut4427.mid	0,24405964
deut4453.mid	deut4428.mid	0,37632609
deut4453.mid	deut4442.mid	0,03922056
deut4453.mid	deut4453.mid	6,5514
deut4453.mid	deut4458.mid	0,32859365
deut4453.mid	deut4459.mid	0,11279116
deut4453.mid	deut4461.mid	0,06730327
deut4453.mid	deut4473.mid	0,28962751
deut4454.mid	deut4423.mid	0,1168412
deut4454.mid	deut4431.mid	0,29653162
deut4454.mid	deut4444.mid	0,29467567
deut4454.mid	deut4445.mid	-0,01190476
deut4454.mid	deut4454.mid	6,5514
deut4454.mid	deut4455.mid	0,05792313
deut4454.mid	deut4456.mid	0,15562248
deut4454.mid	deut4463.mid	0,27792174
deut4454.mid	deut4476.mid	0,26032981
deut4454.mid	deut4483.mid	-0,01190476
deut4455.mid	deut4414.mid	0,13351433
deut4455.mid	deut4419.mid	0,12990733
deut4455.mid	deut4424.mid	0,16218778
deut4455.mid	deut4438.mid	0,13351433
deut4455.mid	deut4448.mid	0,19421234
deut4455.mid	deut4449.mid	0,14057649
deut4455.mid	deut4450.mid	0,15955901
deut4455.mid	deut4455.mid	6,5514
deut4455.mid	deut4456.mid	0,25556084
deut4455.mid	deut4465.mid	0,21492111
deut4456.mid	deut4419.mid	0,15554122
deut4456.mid	deut4420.mid	0,15554122
deut4456.mid	deut4424.mid	0,60471515
deut4456.mid	deut4438.mid	0,23531034
deut4456.mid	deut4449.mid	0,2480699
deut4456.mid	deut4450.mid	0,26544938
deut4456.mid	deut4455.mid	0,25556084
deut4456.mid	deut4456.mid	6,5514
deut4456.mid	deut4465.mid	0,97172291
deut4456.mid	deut4475.mid	0,1539124
deut4457.mid	deut4399.mid	-0,04923788
deut4457.mid	deut4400.mid	0,0075415
deut4457.mid	deut4403.mid	0,03125239
deut4457.mid	deut4415.mid	0,05160581
deut4457.mid	deut4417.mid	-0,01910461
deut4457.mid	deut4457.mid	6,5514
deut4457.mid	deut4462.mid	-0,01401219
deut4457.mid	deut4468.mid	0,04713955
deut4457.mid	deut4481.mid	-0,02836387
deut4457.mid	deut4484.mid	-0,02214947
deut4458.mid	deut4401.mid	0,30846959
deut4458.mid	deut4407.mid	0,11644444
deut4458.mid	deut4416.mid	0,15106376
deut4458.mid	deut4421.mid	0,08482661
deut4458.mid	deut4436.mid	-0,03548834
deut4458.mid	deut4453.mid	0,32859365
deut4458.mid	deut4458.mid	6,5514
deut4458.mid	deut4459.mid	0,05597063
deut4458.mid	deut4460.mid	0,03841948
deut4458.mid	deut4461.mid	0,0314731
deut4459.mid	deut4406.mid	0,12956107
deut4459.mid	deut4407.mid	0,05922187
deut4459.mid	deut4436.mid	-0,03548834
deut4459.mid	deut4453.mid	0,11279116
deut4459.mid	deut4458.mid	0,05597063
deut4459.mid	deut4459.mid	6,5514
deut4459.mid	deut4460.mid	0,02553524
deut4459.mid	deut4461.mid	0,09227424
deut4459.mid	deut4462.mid	-0,03315221
deut4459.mid	deut4473.mid	0,1126563
deut4460.mid	deut4407.mid	0,02308508
deut4460.mid	deut4436.mid	-0,06184324
deut4460.mid	deut4441.mid	-0,0514043
deut4460.mid	deut4458.mid	0,03841948
deut4460.mid	deut4459.mid	0,02553524
deut4460.mid	deut4460.mid	6,5514
deut4460.mid	deut4461.mid	0,05713945
deut4460.mid	deut4469.mid	-0,00586126
deut4460.mid	deut4471.mid	0,12907656
deut4460.mid	deut4473.mid	-0,04964539
deut4461.mid	deut4407.mid	0,04053067
deut4461.mid	deut4436.mid	-0,07098765
deut4461.mid	deut4453.mid	0,06730327
deut4461.mid	deut4458.mid	0,0314731
deut4461.mid	deut4459.mid	0,09227424
deut4461.mid	deut4460.mid	0,05713945
deut4461.mid	deut4461.mid	6,5514
deut4461.mid	deut4469.mid	-0,05452841
deut4461.mid	deut4471.mid	0,03132829
deut4461.mid	deut4473.mid	0,0158348
deut4462.mid	deut4407.mid	-0,03474734
deut4462.mid	deut4417.mid	-0,04181178
deut4462.mid	deut4423.mid	-0,0414207
deut4462.mid	deut4427.mid	-0,03559845
deut4462.mid	deut4445.mid	-0,03735027
deut4462.mid	deut4457.mid	-0,01401219
deut4462.mid	deut4459.mid	-0,03315221
deut4462.mid	deut4462.mid	6,5514
deut4462.mid	deut4483.mid	-0,04181178
deut4462.mid	deut4484.mid	-0,01004197
deut4463.mid	deut4417.mid	0,20348333
deut4463.mid	deut4423.mid	0,34581434
deut4463.mid	deut4424.mid	0,34480303
deut4463.mid	deut4431.mid	0,15621777
deut4463.mid	deut4445.mid	0,08192925
deut4463.mid	deut4454.mid	0,27792174
deut4463.mid	deut4463.mid	6,5514
deut4463.mid	deut4465.mid	0,28461838
deut4463.mid	deut4476.mid	0,15752363
deut4463.mid	deut4483.mid	0,19692642
deut4464.mid	deut4405.mid	-0,07343951
deut4464.mid	deut4413.mid	-0,04804783
deut4464.mid	deut4416.mid	0,02995469
deut4464.mid	deut4434.mid	-0,04160293
deut4464.mid	deut4439.mid	-0,04101373
deut4464.mid	deut4464.mid	6,5514
deut4464.mid	deut4471.mid	-0,04959494
deut4464.mid	deut4478.mid	-0,14055951
deut4464.mid	deut4479.mid	-0,03716709
deut4464.mid	deut4480.mid	-0,07926472
deut4465.mid	deut4414.mid	0,0832333
deut4465.mid	deut4424.mid	0,23976956
deut4465.mid	deut4438.mid	0,10065407
deut4465.mid	deut4443.mid	0,17866522
deut4465.mid	deut4450.mid	0,21760553
deut4465.mid	deut4455.mid	0,21492111
deut4465.mid	deut4456.mid	0,97172291
deut4465.mid	deut4463.mid	0,28461838
deut4465.mid	deut4465.mid	6,5514
deut4465.mid	deut4485.mid	0,14098637
deut4466.mid	deut4400.mid	-0,01393795
deut4466.mid	deut4410.mid	0,0687651
deut4466.mid	deut4417.mid	-0,00792117
deut4466.mid	deut4445.mid	-0,01129932
deut4466.mid	deut4446.mid	0,10654573
deut4466.mid	deut4451.mid	-0,04943507
deut4466.mid	deut4466.mid	6,5514
deut4466.mid	deut4481.mid	-0,01651224
deut4466.mid	deut4483.mid	-0,01082188
deut4466.mid	deut4486.mid	-0,06654936
deut4467.mid	deut4410.mid	-0,04722444
deut4467.mid	deut4414.mid	0,04888889
deut4467.mid	deut4419.mid	-0,03638335
deut4467.mid	deut4420.mid	-0,03638335
deut4467.mid	deut4444.mid	-0,02163278
deut4467.mid	deut4448.mid	-0,05473786
deut4467.mid	deut4449.mid	0,17501997
deut4467.mid	deut4467.mid	6,5514
deut4467.mid	deut4468.mid	-0,02109087
deut4467.mid	deut4495.mid	0,08712244
deut4468.mid	deut4414.mid	0,08922582
deut4468.mid	deut4415.mid	0,19141374
deut4468.mid	deut4416.mid	0,09809457
deut4468.mid	deut4423.mid	0,08766202
deut4468.mid	deut4427.mid	0,09809457
deut4468.mid	deut4457.mid	0,04713955
deut4468.mid	deut4463.mid	0,05545891
deut4468.mid	deut4468.mid	6,5514
deut4468.mid	deut4484.mid	0,05282522
deut4468.mid	deut4502.mid	0,10304628
deut4469.mid	deut4409.mid	-0,00101278
deut4469.mid	deut4424.mid	0,01234335
deut4469.mid	deut4438.mid	-0,0000944
deut4469.mid	deut4450.mid	0,00961413
deut4469.mid	deut4460.mid	-0,00586126
deut4469.mid	deut4461.mid	-0,05452841
deut4469.mid	deut4469.mid	6,5514
deut4469.mid	deut4481.mid	0,06382057
deut4469.mid	deut4484.mid	0,09004529
deut4469.mid	deut4489.mid	-0,01626506
deut4470.mid	deut4413.mid	-0,01029056
deut4470.mid	deut4414.mid	-0,00942362
deut4470.mid	deut4419.mid	-0,00646472
deut4470.mid	deut4420.mid	-0,00646472
deut4470.mid	deut4424.mid	-0,01624295
deut4470.mid	deut4444.mid	-0,01381357
deut4470.mid	deut4447.mid	-0,01381357
deut4470.mid	deut4456.mid	-0,01374404
deut4470.mid	deut4470.mid	6,5514
deut4470.mid	deut4475.mid	0,09350088
deut4471.mid	deut4401.mid	0,29779091
deut4471.mid	deut4406.mid	-0,0372548
deut4471.mid	deut4407.mid	0,0453368
deut4471.mid	deut4421.mid	0,42891515
deut4471.mid	deut4458.mid	0,05632503
deut4471.mid	deut4460.mid	0,12907656
deut4471.mid	deut4461.mid	0,03132829
deut4471.mid	deut4471.mid	6,5514
deut4471.mid	deut4477.mid	-0,03267852
deut4471.mid	deut4482.mid	-0,01026596
deut4472.mid	deut4398.mid	0,1160256
deut4472.mid	deut4412.mid	-0,0781153
deut4472.mid	deut4424.mid	-0,073639
deut4472.mid	deut4425.mid	0,06200016
deut4472.mid	deut4426.mid	0,04961194
deut4472.mid	deut4429.mid	-0,05146899
deut4472.mid	deut4430.mid	-0,02096046
deut4472.mid	deut4437.mid	0,09483913
deut4472.mid	deut4472.mid	6,5514
deut4472.mid	deut4491.mid	-0,08898261
deut4473.mid	deut4406.mid	0,08815883
deut4473.mid	deut4414.mid	0,07675745
deut4473.mid	deut4433.mid	0,19616838
deut4473.mid	deut4438.mid	0,06455887
deut4473.mid	deut4439.mid	0,131265
deut4473.mid	deut4450.mid	0,09485865
deut4473.mid	deut4453.mid	0,28962751
deut4473.mid	deut4459.mid	0,1126563
deut4473.mid	deut4473.mid	6,5514
deut4473.mid	deut4497.mid	0,0964155
deut4474.mid	deut4406.mid	-0,12819031
deut4474.mid	deut4413.mid	-0,04952438
deut4474.mid	deut4427.mid	0,08242059
deut4474.mid	deut4428.mid	0,26176312
deut4474.mid	deut4442.mid	0,09344299
deut4474.mid	deut4443.mid	0,11115622
deut4474.mid	deut4448.mid	0,06201783
deut4474.mid	deut4453.mid	0,02228696
deut4474.mid	deut4455.mid	0,03369852
deut4474.mid	deut4474.mid	6,5514
deut4475.mid	deut4414.mid	0,07160671
deut4475.mid	deut4419.mid	0,04912504
deut4475.mid	deut4420.mid	0,04831971
deut4475.mid	deut4424.mid	0,21767025
deut4475.mid	deut4438.mid	0,09044999
deut4475.mid	deut4455.mid	0,12613378
deut4475.mid	deut4456.mid	0,1539124
deut4475.mid	deut4470.mid	0,09350088
deut4475.mid	deut4475.mid	6,5514
deut4475.mid	deut4485.mid	-0,05163221
deut4476.mid	deut4417.mid	0,07536427
deut4476.mid	deut4424.mid	0,19567117
deut4476.mid	deut4425.mid	-0,00775194
deut4476.mid	deut4431.mid	1,12236542
deut4476.mid	deut4445.mid	0,05722831
deut4476.mid	deut4452.mid	-0,00462963
deut4476.mid	deut4454.mid	0,26032981
deut4476.mid	deut4463.mid	0,15752363
deut4476.mid	deut4476.mid	6,5514
deut4476.mid	deut4483.mid	0,06905332
deut4477.mid	deut4401.mid	0,1164057
deut4477.mid	deut4416.mid	0,12947686
deut4477.mid	deut4421.mid	0,10953639
deut4477.mid	deut4423.mid	0,34301819
deut4477.mid	deut4439.mid	0,09982337
deut4477.mid	deut4443.mid	0,27884374
deut4477.mid	deut4465.mid	0,26700868
deut4477.mid	deut4477.mid	6,5514
deut4477.mid	deut4479.mid	0,0344803
deut4477.mid	deut4482.mid	0,35115046
deut4478.mid	deut4405.mid	0,39734525
deut4478.mid	deut4412.mid	-0,09427354
deut4478.mid	deut4426.mid	-0,07643451
deut4478.mid	deut4446.mid	-0,08338623
deut4478.mid	deut4460.mid	-0,06705692
deut4478.mid	deut4465.mid	-0,06396344
deut4478.mid	deut4469.mid	-0,06379669
deut4478.mid	deut4475.mid	-0,04783441
deut4478.mid	deut4478.mid	6,5514
deut4478.mid	deut4480.mid	0,11013576
deut4479.mid	deut4406.mid	-0,08601879
deut4479.mid	deut4416.mid	-0,01500295
deut4479.mid	deut4427.mid	-0,01956215
deut4479.mid	deut4435.mid	-0,02106191
deut4479.mid	deut4439.mid	-0,02392414
deut4479.mid	deut4442.mid	-0,04732579
deut4479.mid	deut4443.mid	-0,0383141
deut4479.mid	deut4477.mid	0,0344803
deut4479.mid	deut4479.mid	6,5514
deut4479.mid	deut4482.mid	-0,04106384
deut4480.mid	deut4405.mid	0,11939002
deut4480.mid	deut4441.mid	0,04532
deut4480.mid	deut4448.mid	-0,04901961
deut4480.mid	deut4449.mid	-0,04035088
deut4480.mid	deut4450.mid	-0,04035088
deut4480.mid	deut4460.mid	-0,02221278
deut4480.mid	deut4461.mid	-0,04825377
deut4480.mid	deut4475.mid	0,04941787
deut4480.mid	deut4478.mid	0,11013576
deut4480.mid	deut4480.mid	6,5514
deut4481.mid	deut4399.mid	-0,01058983
deut4481.mid	deut4401.mid	-0,10606061
deut4481.mid	deut4425.mid	-0,02651515
deut4481.mid	deut4431.mid	-0,04022989
deut4481.mid	deut4440.mid	-0,02777778
deut4481.mid	deut4452.mid	-0,02777778
deut4481.mid	deut4454.mid	-0,04166667
deut4481.mid	deut4463.mid	-0,01893939
deut4481.mid	deut4476.mid	-0,01937984
deut4481.mid	deut4481.mid	6,5514
deut4482.mid	deut4401.mid	-0,01913202
deut4482.mid	deut4416.mid	0,2516039
deut4482.mid	deut4421.mid	0,06896891
deut4482.mid	deut4423.mid	0,13023829
deut4482.mid	deut4439.mid	0,32323146
deut4482.mid	deut4443.mid	0,40905105
deut4482.mid	deut4465.mid	0,17578951
deut4482.mid	deut4477.mid	0,35115046
deut4482.mid	deut4479.mid	-0,04106384
deut4482.mid	deut4482.mid	6,5514
deut4483.mid	deut4417.mid	0,10264856
deut4483.mid	deut4424.mid	0,28830958
deut4483.mid	deut4425.mid	0,07326206
deut4483.mid	deut4431.mid	0,04141149
deut4483.mid	deut4445.mid	0,0552258
deut4483.mid	deut4452.mid	-0,00462963
deut4483.mid	deut4454.mid	-0,01190476
deut4483.mid	deut4463.mid	0,19692642
deut4483.mid	deut4476.mid	0,06905332
deut4483.mid	deut4483.mid	6,5514
deut4484.mid	deut4417.mid	0,16417974
deut4484.mid	deut4424.mid	0,65774545
deut4484.mid	deut4463.mid	0,22771889
deut4484.mid	deut4469.mid	0,09004529
deut4484.mid	deut4476.mid	0,0919924
deut4484.mid	deut4484.mid	6,5514
deut4484.mid	deut4489.mid	0,4328283
deut4484.mid	deut4495.mid	0,28252072
deut4484.mid	deut4501.mid	0,7149947
deut4484.mid	deut4503.mid	0,21768311
deut4485.mid	deut4414.mid	0,02336478
deut4485.mid	deut4419.mid	-0,02301713
deut4485.mid	deut4438.mid	0,00977193
deut4485.mid	deut4444.mid	0,10784188
deut4485.mid	deut4447.mid	0,10784188
deut4485.mid	deut4448.mid	0,09483913
deut4485.mid	deut4450.mid	0,13584895
deut4485.mid	deut4465.mid	0,14098637
deut4485.mid	deut4470.mid	-0,02288095
deut4485.mid	deut4485.mid	6,5514
deut4486.mid	deut4486.mid	6,5514
deut4486.mid	deut4487.mid	0,91194082
deut4486.mid	deut4490.mid	3,01099137
deut4486.mid	deut4491.mid	1,61953176
deut4486.mid	deut4492.mid	3,02292469
deut4486.mid	deut4493.mid	2,51496339
deut4486.mid	deut4494.mid	1,09171234
deut4486.mid	deut4496.mid	2,38119134
deut4486.mid	deut4497.mid	1,73991331
deut4486.mid	deut4498.mid	2,07919258
deut4487.mid	deut4486.mid	0,91194082
deut4487.mid	deut4487.mid	6,5514
deut4487.mid	deut4488.mid	1,93452131
deut4487.mid	deut4490.mid	1,04824937
deut4487.mid	deut4492.mid	1,13481448
deut4487.mid	deut4493.mid	2,00711863
deut4487.mid	deut4494.mid	2,02598859
deut4487.mid	deut4496.mid	0,99809731
deut4487.mid	deut4498.mid	1,15672057
deut4487.mid	deut4499.mid	2,30406853
deut4488.mid	deut4486.mid	1,17052702
deut4488.mid	deut4487.mid	1,93452131
deut4488.mid	deut4488.mid	6,5514
deut4488.mid	deut4490.mid	2,94766703
deut4488.mid	deut4491.mid	3,21514533
deut4488.mid	deut4493.mid	3,24345753
deut4488.mid	deut4494.mid	1,71715289
deut4488.mid	deut4498.mid	1,61549783
deut4488.mid	deut4499.mid	1,28569623
deut4488.mid	deut4500.mid	1,69278681
deut4489.mid	deut4417.mid	0,27985968
deut4489.mid	deut4426.mid	-0,02803384
deut4489.mid	deut4433.mid	0,04479219
deut4489.mid	deut4469.mid	-0,01626506
deut4489.mid	deut4484.mid	0,4328283
deut4489.mid	deut4486.mid	0,7774403
deut4489.mid	deut4489.mid	6,5514
deut4489.mid	deut4490.mid	0,83906111
deut4489.mid	deut4493.mid	1,15186042
deut4489.mid	deut4494.mid	-0,15145686
deut4490.mid	deut4486.mid	3,01099137
deut4490.mid	deut4487.mid	1,04824937
deut4490.mid	deut4488.mid	2,94766703
deut4490.mid	deut4490.mid	6,5514
deut4490.mid	deut4492.mid	3,69631343
deut4490.mid	deut4493.mid	5,27993048
deut4490.mid	deut4494.mid	1,15008626
deut4490.mid	deut4496.mid	2,58559443
deut4490.mid	deut4498.mid	2,12944403
deut4490.mid	deut4499.mid	0,38175344
deut4491.mid	deut4429.mid	0,16635687
deut4491.mid	deut4430.mid	0,12059409
deut4491.mid	deut4486.mid	1,61953176
deut4491.mid	deut4488.mid	3,21514533
deut4491.mid	deut4490.mid	1,85740906
deut4491.mid	deut4491.mid	6,5514
deut4491.mid	deut4492.mid	2,87354389
deut4491.mid	deut4496.mid	2,19070636
deut4491.mid	deut4498.mid	0,91447459
deut4491.mid	deut4500.mid	1,88744247
deut4492.mid	deut4486.mid	3,02292469
deut4492.mid	deut4487.mid	1,13481448
deut4492.mid	deut4490.mid	3,69631343
deut4492.mid	deut4491.mid	2,87354389
deut4492.mid	deut4492.mid	6,5514
deut4492.mid	deut4493.mid	3,47384494
deut4492.mid	deut4494.mid	0,95188653
deut4492.mid	deut4496.mid	2,29897723
deut4492.mid	deut4498.mid	2,31714936
deut4492.mid	deut4500.mid	1,23284473
deut4493.mid	deut4486.mid	2,51496339
deut4493.mid	deut4487.mid	2,00711863
deut4493.mid	deut4488.mid	3,24345753
deut4493.mid	deut4490.mid	5,27993048
deut4493.mid	deut4492.mid	3,47384494
deut4493.mid	deut4493.mid	6,5514
deut4493.mid	deut4494.mid	1,63193431
deut4493.mid	deut4496.mid	2,85550897
deut4493.mid	deut4498.mid	2,09829829
deut4493.mid	deut4499.mid	1,14498777
deut4494.mid	deut4486.mid	1,09171234
deut4494.mid	deut4487.mid	2,02598859
deut4494.mid	deut4488.mid	1,71715289
deut4494.mid	deut4490.mid	1,15008626
deut4494.mid	deut4492.mid	0,95188653
deut4494.mid	deut4493.mid	1,63193431
deut4494.mid	deut4494.mid	6,5514
deut4494.mid	deut4496.mid	0,63827156
deut4494.mid	deut4498.mid	1,5015655
deut4494.mid	deut4499.mid	1,79382262
deut4495.mid	deut4424.mid	0,65634137
deut4495.mid	deut4438.mid	0,41732493
deut4495.mid	deut4449.mid	0,18416091
deut4495.mid	deut4450.mid	0,19451964
deut4495.mid	deut4467.mid	0,08712244
deut4495.mid	deut4490.mid	0,38431331
deut4495.mid	deut4491.mid	0,46600108
deut4495.mid	deut4492.mid	0,48106002
deut4495.mid	deut4495.mid	6,5514
deut4495.mid	deut4498.mid	0,19550094
deut4496.mid	deut4486.mid	2,38119134
deut4496.mid	deut4487.mid	0,99809731
deut4496.mid	deut4490.mid	2,58559443
deut4496.mid	deut4491.mid	2,19070636
deut4496.mid	deut4492.mid	2,29897723
deut4496.mid	deut4493.mid	2,85550897
deut4496.mid	deut4494.mid	0,63827156
deut4496.mid	deut4496.mid	6,5514
deut4496.mid	deut4497.mid	1,59478863
deut4496.mid	deut4498.mid	1,37817418
deut4497.mid	deut4473.mid	0,0964155
deut4497.mid	deut4486.mid	1,73991331
deut4497.mid	deut4487.mid	0,90063707
deut4497.mid	deut4491.mid	2,10461543
deut4497.mid	deut4492.mid	2,21626545
deut4497.mid	deut4494.mid	1,1082306
deut4497.mid	deut4496.mid	1,59478863
deut4497.mid	deut4497.mid	6,5514
deut4497.mid	deut4498.mid	1,17322882
deut4497.mid	deut4499.mid	0,24347015
deut4498.mid	deut4486.mid	2,07919258
deut4498.mid	deut4488.mid	1,61549783
deut4498.mid	deut4490.mid	2,12944403
deut4498.mid	deut4492.mid	2,31714936
deut4498.mid	deut4493.mid	2,09829829
deut4498.mid	deut4494.mid	1,5015655
deut4498.mid	deut4496.mid	1,37817418
deut4498.mid	deut4498.mid	6,5514
deut4498.mid	deut4499.mid	0,52165746
deut4498.mid	deut4500.mid	0,81703278
deut4499.mid	deut4486.mid	0,55175057
deut4499.mid	deut4487.mid	2,30406853
deut4499.mid	deut4488.mid	1,28569623
deut4499.mid	deut4490.mid	0,38175344
deut4499.mid	deut4492.mid	0,24625016
deut4499.mid	deut4493.mid	1,14498777
deut4499.mid	deut4494.mid	1,79382262
deut4499.mid	deut4496.mid	0,32592905
deut4499.mid	deut4498.mid	0,52165746
deut4499.mid	deut4499.mid	6,5514
deut4500.mid	deut4487.mid	0,57574991
deut4500.mid	deut4488.mid	1,69278681
deut4500.mid	deut4490.mid	0,81293353
deut4500.mid	deut4491.mid	1,88744247
deut4500.mid	deut4492.mid	1,23284473
deut4500.mid	deut4493.mid	0,41579608
deut4500.mid	deut4494.mid	0,2769289
deut4500.mid	deut4496.mid	1,19666518
deut4500.mid	deut4498.mid	0,81703278
deut4500.mid	deut4500.mid	6,5514
deut4501.mid	deut4401.mid	0,39588283
deut4501.mid	deut4407.mid	0,01590747
deut4501.mid	deut4417.mid	0,19937024
deut4501.mid	deut4443.mid	0,38331779
deut4501.mid	deut4445.mid	0,0313907
deut4501.mid	deut4481.mid	0,0235632
deut4501.mid	deut4484.mid	0,7149947
deut4501.mid	deut4501.mid	6,5514
deut4501.mid	deut4502.mid	1,41851644
deut4501.mid	deut4503.mid	2,91551396
deut4502.mid	deut4401.mid	0,22756743
deut4502.mid	deut4417.mid	0,00868437
deut4502.mid	deut4423.mid	0,00684605
deut4502.mid	deut4427.mid	0,137718
deut4502.mid	deut4442.mid	0,14935794
deut4502.mid	deut4443.mid	0,25480562
deut4502.mid	deut4484.mid	0,06438514
deut4502.mid	deut4501.mid	1,41851644
deut4502.mid	deut4502.mid	6,5514
deut4502.mid	deut4503.mid	6,31167302
deut4503.mid	deut4401.mid	0,23840397
deut4503.mid	deut4427.mid	0,465618
deut4503.mid	deut4442.mid	0,31294045
deut4503.mid	deut4443.mid	0,53387844
deut4503.mid	deut4468.mid	0,37113295
deut4503.mid	deut4476.mid	0,85116785
deut4503.mid	deut4484.mid	0,21768311
deut4503.mid	deut4501.mid	2,91551396
deut4503.mid	deut4502.mid	6,31167302
deut4503.mid	deut4503.mid	6,5514
